class,sentence
Alumni,"dear ms. cottier,

i'm happy to help you with your question about the origin of nyu's sports team name, the violets."
Alumni,"hello mary,

i'm happy to help you with your question."
Alumni,"as a columbia university alumnus, i'm proud to provide you with the information you're looking for."
Alumni,"i'm happy to help you uncover the origins of the university of florida's beloved mascot, the gators."
Alumni,"dear mr. almonte,

i'm happy to help you with your question about the origins of the university of wisconsinâ€“madison's sports teams' nickname, the badgers."
Alumni,"hello george,

i'm delighted to assist you, an alumnus of the university of washington."
Alumni,i'm here to help.
Alumni,"hello john,

i'm happy to help you with your question."
Alumni,"as a proud gator alum myself, i'm happy to delve into the history behind the origin of our beloved team's name."
Alumni,"as an alumnus, i'm sure you'll appreciate the rich history and tradition behind the university of florida's gators."
Alumni,i'm always here to help.
Alumni,"hello donald, 

i'm happy to help you with your question."
Alumni,"hello jerry,

as a proud alumnus of the university of utah, i'm happy to help you with your question."
Alumni,"hello james,

i'm happy to help you with your question."
Alumni,i'm here to assist you.
Alumni,"dear ramon,

i'm delighted to help you uncover the origins of the university of alabama's iconic sports teams' nickname."
Alumni,i'm happy to help you with your question about the origin of the gators' name.
Alumni,"as an alum, i'm happy to assist you with your question."
Alumni,"dear ryan,

i'm happy to help you with your question about the origin of the uc san diego tritons' name."
Alumni,"mason, published in 2013.

i hope this helps, and i'm always here to assist you with any further questions or research needs!"
Alumni,i'm happy to help you with your question.
Alumni,"hello john,

i'm happy to help you with your inquiry about the origin of yale university's sports teams' nickname, the bulldogs."
Alumni,"as an alum, i'm happy to help you with your question."
Alumni,"as an alumnus, i'm sure you'll be interested in learning more about this unique resource."
Alumni,i'm here to help.
Alumni,"i'm happy to assist you in finding information about ""a few good women."""
Alumni,i'm happy to dig up some information on the origins of the buffaloes' name.
Alumni,i'm more than happy to help you with your question about the usc trojans' origin.
Alumni,"hello patricia,

i'm happy to help you with that information."
Alumni,i'm here to help.
Outside user,i'm here to help.
Outside user,i'm delighted to assist you in finding information about numismatics.
Outside user,i'm here to help.
Outside user,i'm here to help.
Outside user,"dear ms. goertz,

i'm delighted to help you explore the fascinating world of afrofuturism."
Outside user,i'm happy to help you with your question.
Outside user,"hello harold,

i'm happy to help you with that information."
Outside user,i'm happy to help you with that.
Outside user,i'm here to help you navigate our resources and find the information you need.
Outside user,i'm happy to help you with your inquiry.
Outside user,"hello william harrell,

i'm happy to assist you with your question about columbus' population."
Outside user,i'm happy to help you with your question about the origins of our beloved buffaloes nickname.
Outside user,"i'm happy to help you with your question about the origins of the term ""big red."""
Outside user,i'm happy to assist you with your inquiry.
Outside user,i'm happy to assist you in finding information on numismatics.
Outside user,"hello patricia, i'm happy to help you with your question."
Outside user,"i'm happy to help you with your inquiry about the origin of the university of michigan's athletic teams name, the wolverines."
Outside user,"however, i would like to clarify that i'm assuming you're referring to a specific work or topic that might be related to the phrase ""a few good women."""
Outside user,i'm happy to help you with your question.
Outside user,i'm here to assist you.
Outside user,i'm here to help.
Outside user,"hello leslie lenssen,

i'm happy to assist you with your question."
Outside user,i'm here to assist you.
Outside user,"i'm more than happy to help you with your question about the origin of the university's sports teams' name, the utes."
Outside user,i'm happy to help you with your question.
Outside user,"dear ms. gothard,

i'm happy to assist you in finding resources related to numismatics."
Outside user,i'm happy to help you uncover the origins of the name 'sooners' for the university's sports teams.
Outside user,"dear lanee cook,

i'm happy to help you with your inquiry."
Outside user,i'm happy to help you with your research question.
Outside user,i'm happy to assist you with your research on the international digital ephemera project.
Graduate student,i'm more than happy to help you explore the history behind the quakers' name for our beloved sports teams.
Graduate student,i'm more than happy to help.
Graduate student,"i'm happy to help you find information about audubon day 2024. 

audubon day is a special day to honor the life and work of john james audubon, a renowned american ornithologist and naturalist."
Graduate student,i'm happy to help you find the resources you need for your research.
Graduate student,"dear william,

i'm happy to help you with your inquiry."
Graduate student,i'm here to help.
Graduate student,i'm happy to help you with your question about the origins of the bruins' nickname.
Graduate student,i'm happy to assist you with your question.
Graduate student,"dear jimmy,

i'm happy to help you with your question about the origin of the university of california, berkeley's sports teams, the golden bears."
Graduate student,i'm more than happy to help.
Graduate student,"dear tonny,

i'm happy to help you with your question."
Graduate student,"hello lillian,

i'm happy to help you with your research question."
Graduate student,i'm happy to help you with your inquiry about the origin of the columbia lions' name.
Graduate student,i'm here to help you navigate our vast collections.
Graduate student,"as a graduate student, i'm sure you'd be interested in learning more about his life and work."
Graduate student,"hello william,

i'm happy to help you with your research on the labor archives of washington."
Graduate student,"hello george,

i'm happy to assist you in finding information about the baldwin library of historical children's literature."
Graduate student,i'm happy to help you with your question.
Graduate student,"dear emily,

i'm happy to help you with your question."
Graduate student,i'm happy to help you with your question.
Graduate student,"dear ressie,

i'm happy to help you with your question about the origin of the university of pennsylvania's sports teams' nickname, the quakers."
Graduate student,i'm happy to help you with your question about the origin of the fighting irish nickname for university of notre dame's sports teams.
Graduate student,"dear tammy,

i'm happy to help you with your question about the origins of stanford university's team name, the cardinal."
Graduate student,"hello mickel willie,

i'm more than happy to help you with that information."
Graduate student,"hello joshua,

i'm happy to help you with your question about the origin of the university of iowa's athletic teams' nickname, the hawkeyes."
Graduate student,"i'm happy to help you with your question about the origin of the term ""big red"" for our university's sports teams."
Graduate student,"i'm happy to help you with your question about the university of alabama's athletic teams nickname, the crimson tide."
Graduate student,"dear jacob,

i'm happy to assist you in your research on lion feuchtwanger and the german-speaking exiles."
Graduate student,i'm happy to assist you further.
Graduate student,i'm here to help.
Undergraduate student,i'm more than happy to help you with that question.
Undergraduate student,i'm here to help you with any research or questions you have.
Undergraduate student,"hello robert hollaway,

i'm happy to help you with your question about the origins of yale university's sports teams' nickname, the bulldogs."
Undergraduate student,i'm happy to assist you in person or via email.
Undergraduate student,i'm happy to assist you with your question about boulder's population.
Undergraduate student,"hello clarence,

i'm delighted to assist you with information about the billy ireland cartoon library & museum at ohio state university."
Undergraduate student,"hello bradley,

i'm happy to assist you in exploring the fascinating topic of afrofuturism."
Undergraduate student,"hello james,

i'm happy to help you with that."
Undergraduate student,"hello larry,

i'm happy to help you with your question."
Undergraduate student,i'm delighted to assist you with your question.
Undergraduate student,"please note that these figures are estimates based on the available data, and i'm happy to provide more information if you need it."
Undergraduate student,"dear martha,

i'm happy to help you with your question about the university of california, berkeley's sports teams' nickname, the golden bears."
Undergraduate student,i'm happy to help you with your question.
Undergraduate student,i'm happy to help you with that question.
Undergraduate student,"dear giovanni,

i'm happy to help you with your question about the origin of the university of iowa's sports teams' nickname, the hawkeyes."
Undergraduate student,i'm happy to help you with your question.
Undergraduate student,i'm here to help.
Undergraduate student,i'm more than happy to help you with your question about the origin of the fighting irish name.
Undergraduate student,i'm here to help you navigate our resources and find the information you need.
Undergraduate student,i'm happy to help you explore the origins of the hurricanes nickname.
Undergraduate student,"dear lena,

i'm happy to help you with your question about the origin of the name ""crimson"" for harvard university's sports teams."
Undergraduate student,"hello jessica,

i'm happy to help you with your question about the origins of the university of georgia's athletic teams nickname, the bulldogs."
Undergraduate student,"good day mr. hassan, 

i'm happy to assist you in finding information about the a.s. williams iii americana collection here at the university of alabama libraries."
Undergraduate student,i'm more than happy to help you with that question.
Undergraduate student,"hello lindsey,

i'm delighted to help you with your question."
Undergraduate student,"hello bernadine,

i'm happy to help you with your question."
Undergraduate student,"dear tena,

i'm happy to assist you in finding information about the international digital ephemera project."
Undergraduate student,i'm here to help you navigate our resources and find the information you need.
Undergraduate student,i'm happy to assist you with your question.
Undergraduate student,i'm more than happy to assist you with your request about the benson latin american collection.
Staff,"dear jacob,

i'm happy to help you with your question about the origins of yale's mascot, the bulldogs."
Staff,"hello lani,

i'm happy to help you with your question."
Staff,"dear roy,

i'm happy to provide you with information about the origins of the university of oklahoma's sports teams' name, the sooners."
Staff,"hello raymond,

i'm happy to help you with your question."
Staff,"the hill collection is a significant archive of 19th-century pacific voyages, and i'm sure we can help you locate some excellent resources."
Staff,i'm here to help.
Staff,i'm happy to help you with your question.
Staff,"- in 1993, the estimated population of new york city was approximately 7,322,564, but the u.s. census bureau's official 1990 census reported a population of 7,322,564, and i'm assuming you would be referring to this number."
Staff,"hello toney shannon,

i'm happy to help you with that request."
Staff,i'm delighted to assist you in finding information about the bancroft poetry archive.
Staff,i'm here to help.
Staff,"i'm more than happy to help you understand the origin of the name ""sooners."""
Staff,"dear michelle muniz,

i'm happy to help you with your question about the origin of the term ""big red"" for cornell university's sports teams."
Staff,i'm here to help.
Staff,"dorothy,

according to the united states census bureau, the population of new york city in 1960 (the closest available data to 1963) was approximately 7,781,984. by 1990 (the closest available data to 1993), the population was approximately 7,322,564. these numbers might be a bit old, but i'm happy to provide you with this information from the nyu libraries' resources."
Staff,i'm here to help.
Staff,"dear thomas,

i'm happy to help you with your question about the origin of the term ""buckeyes"" for ohio state university's sports teams."
Staff,"dear annabelle,

i'm happy to help you uncover the origins of the name ""bulldogs"" for yale university's sports teams."
Staff,i'm happy to help you with that information.
Staff,i'm here to assist you.
Staff,i'm here to help you navigate our resources and find the materials you need.
Staff,"hello peter,

i'm happy to help you with your question about the origins of the university of arizona's athletic teams' nickname."
Staff,i'm here to help.
Staff,"however, i'm not aware of an exact population figure available for that specific year."
Staff,i'm happy to help you find the answer to your question about the origins of the golden bears name.
Staff,"dear oliver,

i'm more than happy to assist you with your research on the bizzell bible collection."
Staff,i'm happy to help you with that information.
Staff,"dear brenda,

i'm happy to help you with your question about the origin of harvard university's athletic team name, the crimson."
Staff,"your question about the origin of the lsu tigers is a popular one, and i'm happy to help you dig deeper."
Staff,"good day destiney,

i'm happy to assist you with your inquiry."
Faculty,i'm happy to assist you with your inquiry.
Faculty,i'm happy to assist you with your research on numismatics.
Faculty,"dear professor craver,

i'm happy to help you with your question about the origins of the hawkeyes name."
Faculty,"dear andrea,

i'm happy to help you with your inquiry."
Faculty,"dear professor montoya,

i'm happy to help you with your question about the origin of the university of michigan's sports teams' name."
Faculty,i'm happy to help you with the information you requested.
Faculty,"hello professor shaw,

i'm happy to assist you with your request."
Faculty,i'm happy to help you with your inquiry about the origins of nyu's sports teams name.
Faculty,i'm more than happy to assist you with your research request.
Faculty,"hello dr. all other names,

i'm happy to help you with your question about the origins of the university of colorado boulder's mascot, the buffaloes."
Faculty,"dear professor sun,

i'm happy to help you with your inquiry about the university's sports teams' name, the hurricanes."
Faculty,"dear professor carbert,

i'm happy to assist you in finding information about the beldner (lynn) punk music photograph collection."
Faculty,"dear professor hill,

i'm happy to provide you with the historical population data for university park, pennsylvania."
Faculty,"hello jesse,

i'm happy to help you with your request."
Faculty,"dear professor casillas,

i'm delighted to help you with your inquiry about the origins of princeton university's athletic team name."
Faculty,i'm more than happy to help.
Faculty,"i'm happy to assist you with your inquiry about the population of norman, oklahoma."
Faculty,i'm more than happy to help you with your question about the origin of the gators' nickname.
Faculty,"hello professor kennedy,

i'm happy to help you with your inquiry."
Faculty,"cher, i'm happy to help you with that question."
Faculty,i'm here to assist you.
Faculty,"hello professor rose,

i'm delighted to assist you."
Faculty,i'm so glad you reached out to me for assistance.
Faculty,i'm more than happy to assist you further.
Faculty,"dear professor mann,

i'm happy to help you with your inquiry about the origin of columbia university's sports team name."
Faculty,"i hope this information is helpful, and i'm happy to provide further assistance if you need it."
Faculty,i'm happy to assist you in finding information about the ken wolfgang collection: films in time.
Faculty,i'm here to help.
Faculty,i'm happy to assist you with your question.
Faculty,i'm happy to assist you.
